<?xml version='1.0' encoding='UTF-8'?>
<ns0:feed xmlns:ns0="http://www.w3.org/2005/Atom">
<ns0:title type="html">wpan.com</ns0:title>
<ns0:generator>Blogger</ns0:generator>
<ns0:link href="http://localhost/wpan" rel="self" type="application/atom+xml" />
<ns0:link href="http://localhost/wpan" rel="alternate" type="text/html" />
<ns0:updated>2016-06-10T04:33:36Z</ns0:updated>
                    <ns0:entry>
                                                                        <ns0:category scheme="http://www.blogger.com/atom/ns#" term="Action" />
                                                                                                                                                                                                                                                                                                                                                                                                                                                                                                                                                                                                                                                                                                                                                                                                                                                                                                                                                                                                                                                                                                                                                                                                                                                            <ns0:category scheme="http://schemas.google.com/g/2005#kind" term="http://schemas.google.com/blogger/2008/kind#post" />
            <ns0:id>post-384018</ns0:id>
            <ns0:author>
                <ns0:name>admin</ns0:name>
            </ns0:author>
            <ns0:content type="html">&lt;img class=&quot;img-fluid&quot; src=&quot;//i0.wp.com/image.tmdb.org/t/p/w780/hpgda6P9GutvdkDX5MUJ92QG9aj.jpg&quot; alt=&quot;Watch Fast &amp;amp; Furious Presents: Hobbs &amp;amp; Shaw Full Movie Online Free&quot;/&gt;

    &lt;div class=&quot;col d-flex justify-content-center my-3&quot;&gt;
        &lt;a href=&quot;https://www.google.com/search?q=mopie.xyz%20landing%20page%20movie%20tv%20shows&quot; class=&quot;btn btn-success mx-1 text-white&quot;&gt;Watch Now&lt;/a&gt;
        &lt;a href=&quot;https://www.google.com/search?q=mopie.xyz%20landing%20page%20movie%20tv%20shows&quot; class=&quot;btn btn-danger mx-1 text-white&quot;&gt;Download&lt;/a&gt;
    &lt;/div&gt;

&lt;p&gt;Watch Fast &amp;amp; Furious Presents: Hobbs &amp;amp; Shaw Full Movie Online Free - A spinoff of The Fate of the Furious, focusing on Johnson&amp;#039;s US Diplomatic Security Agent Luke Hobbs forming an unlikely alliance with Statham&amp;#039;s Deckard Shaw.&lt;/p&gt;

&lt;link rel=&quot;stylesheet&quot; href=&quot;//stackpath.bootstrapcdn.com/bootstrap/4.3.1/css/bootstrap.min.css&quot;&gt;
</ns0:content>
            <ns0:published>2019-08-01T00:00:00Z</ns0:published>
            <ns0:title type="html">Watch Fast &amp; Furious Presents: Hobbs &amp; Shaw Full Movie Online Free</ns0:title>
            <ns0:link href="http://localhost/wpan/384018/" rel="self" type="application/atom+xml" />
            <ns0:link href="http://localhost/wpan/384018/" rel="alternate" type="text/html" />
        </ns0:entry>
                    <ns0:entry>
                                                                                                                                                                                                                        <ns0:category scheme="http://www.blogger.com/atom/ns#" term="Action" />
                                                                                                            <ns0:category scheme="http://www.blogger.com/atom/ns#" term="Adventure" />
                                                                                                                                                                                                                                                                                                <ns0:category scheme="http://www.blogger.com/atom/ns#" term="Animation" />
                                                                                                                                                                                                                                                                                                                                                                                                                                                                                                                                                                                                                                                                                                                                                                                                                                                                                                                                                                                    <ns0:category scheme="http://www.blogger.com/atom/ns#" term="Drama" />
                                                                                                                                                                                                                        <ns0:category scheme="http://www.blogger.com/atom/ns#" term="Family" />
                                                                                                                                                                                                                                                                                                                                                                                                                                                                                                                                                                                                                                                                                                                                                                                                                                                                                                                                                                                                                                                                                                                                                                                                                                                                                                                                                                                                                                                                                                                                                                                                                                                                                                                                                                                                                                                                                                                                                                                                                                                                                                                                                                                                                                                                                                                                                                                                                                                                                                                    <ns0:category scheme="http://schemas.google.com/g/2005#kind" term="http://schemas.google.com/blogger/2008/kind#post" />
            <ns0:id>post-420818</ns0:id>
            <ns0:author>
                <ns0:name>admin</ns0:name>
            </ns0:author>
            <ns0:content type="html">&lt;img class=&quot;img-fluid&quot; src=&quot;//i0.wp.com/image.tmdb.org/t/p/w780/1TUg5pO1VZ4B0Q1amk3OlXvlpXV.jpg&quot; alt=&quot;Watch The Lion King Full Movie Online Free&quot;/&gt;

    &lt;div class=&quot;col d-flex justify-content-center my-3&quot;&gt;
        &lt;a href=&quot;https://www.google.com/search?q=mopie.xyz%20landing%20page%20movie%20tv%20shows&quot; class=&quot;btn btn-success mx-1 text-white&quot;&gt;Watch Now&lt;/a&gt;
        &lt;a href=&quot;https://www.google.com/search?q=mopie.xyz%20landing%20page%20movie%20tv%20shows&quot; class=&quot;btn btn-danger mx-1 text-white&quot;&gt;Download&lt;/a&gt;
    &lt;/div&gt;

&lt;p&gt;Watch The Lion King Full Movie Online Free - Simba idolises his father, King Mufasa, and takes to heart his own royal destiny. But not everyone in the kingdom celebrates the new cub&amp;#039;s arrival. Scar, Mufasa&amp;#039;s brother—and former heir to the throne—has plans of his own. The battle for Pride Rock is ravaged with betrayal, tragedy and drama, ultimately resulting in Simba&amp;#039;s exile. With help from a curious pair of newfound friends, Simba will have to figure out how to grow up and take back what is rightfully his.&lt;/p&gt;

&lt;link rel=&quot;stylesheet&quot; href=&quot;//stackpath.bootstrapcdn.com/bootstrap/4.3.1/css/bootstrap.min.css&quot;&gt;
</ns0:content>
            <ns0:published>2019-07-12T00:00:00Z</ns0:published>
            <ns0:title type="html">Watch The Lion King Full Movie Online Free</ns0:title>
            <ns0:link href="http://localhost/wpan/420818/" rel="self" type="application/atom+xml" />
            <ns0:link href="http://localhost/wpan/420818/" rel="alternate" type="text/html" />
        </ns0:entry>
                    <ns0:entry>
                                                                                                            <ns0:category scheme="http://www.blogger.com/atom/ns#" term="Action" />
                                                                                                                                                                                                                                                                                                                                                                                                                                        <ns0:category scheme="http://www.blogger.com/atom/ns#" term="Animation" />
                                                                                                                                                                                                                                                                                                                                                                                                            <ns0:category scheme="http://www.blogger.com/atom/ns#" term="Comedy" />
                                                                                                                                                                                                                                                                                                                                                                                                                                                                                                                                                                                                                    <ns0:category scheme="http://www.blogger.com/atom/ns#" term="Drama" />
                                                                                                                                                                                                                                                                                                                                                                                                                                                                                                                                                                                                                                                                                                                                                                                                                                                                                                                                                                                                                                                                                                                                                                                                                                                                                                                                                                                <ns0:category scheme="http://www.blogger.com/atom/ns#" term="Mystery" />
                                                                                                                                                                                                                                                                                                                                                                                                                                                                                                                                                                                                                                                                                                                                                                                                                                                                                                                                                                                                                                                                                                                                                                                                                                                                                                                                                                                                <ns0:category scheme="http://schemas.google.com/g/2005#kind" term="http://schemas.google.com/blogger/2008/kind#post" />
            <ns0:id>post-566555</ns0:id>
            <ns0:author>
                <ns0:name>admin</ns0:name>
            </ns0:author>
            <ns0:content type="html">&lt;img class=&quot;img-fluid&quot; src=&quot;//i0.wp.com/image.tmdb.org/t/p/w780/wf6VDSi4aFCZfuD8sX8JAKLfJ5m.jpg&quot; alt=&quot;Watch Detective Conan: The Fist Of Blue Sapphire Full Movie Online Free&quot;/&gt;

    &lt;div class=&quot;col d-flex justify-content-center my-3&quot;&gt;
        &lt;a href=&quot;https://www.google.com/search?q=mopie.xyz%20landing%20page%20movie%20tv%20shows&quot; class=&quot;btn btn-success mx-1 text-white&quot;&gt;Watch Now&lt;/a&gt;
        &lt;a href=&quot;https://www.google.com/search?q=mopie.xyz%20landing%20page%20movie%20tv%20shows&quot; class=&quot;btn btn-danger mx-1 text-white&quot;&gt;Download&lt;/a&gt;
    &lt;/div&gt;

&lt;p&gt;Watch Detective Conan: The Fist Of Blue Sapphire Full Movie Online Free - 23rd movie in the &amp;quot;Detective Conan&amp;quot; franchise.&lt;/p&gt;

&lt;link rel=&quot;stylesheet&quot; href=&quot;//stackpath.bootstrapcdn.com/bootstrap/4.3.1/css/bootstrap.min.css&quot;&gt;
</ns0:content>
            <ns0:published>2019-04-12T00:00:00Z</ns0:published>
            <ns0:title type="html">Watch Detective Conan: The Fist Of Blue Sapphire Full Movie Online Free</ns0:title>
            <ns0:link href="http://localhost/wpan/566555/" rel="self" type="application/atom+xml" />
            <ns0:link href="http://localhost/wpan/566555/" rel="alternate" type="text/html" />
        </ns0:entry>
                    <ns0:entry>
                                                                                                                                                <ns0:category scheme="http://www.blogger.com/atom/ns#" term="Action" />
                                                                                                            <ns0:category scheme="http://www.blogger.com/atom/ns#" term="Adventure" />
                                                                                                                                                                                                                                                                                                                                                                                                                                                                                                                                                                                                                                                                                                                                                                                                                                                                                                                                                                                                                                                                                                                                                                                                                                                                                                                                                                                                                                                                                                                                                                                                                                                                                                                                                                                                                                                                                                                        <ns0:category scheme="http://www.blogger.com/atom/ns#" term="Science Fiction" />
                                                                                                                                                                                                                                                                                                                                                                                                                                                                                                                                                                                                                                                                <ns0:category scheme="http://schemas.google.com/g/2005#kind" term="http://schemas.google.com/blogger/2008/kind#post" />
            <ns0:id>post-299534</ns0:id>
            <ns0:author>
                <ns0:name>admin</ns0:name>
            </ns0:author>
            <ns0:content type="html">&lt;img class=&quot;img-fluid&quot; src=&quot;//i0.wp.com/image.tmdb.org/t/p/w780/7RyHsO4yDXtBv1zUU3mTpHeQ0d5.jpg&quot; alt=&quot;Watch Avengers: Endgame Full Movie Online Free&quot;/&gt;

    &lt;div class=&quot;col d-flex justify-content-center my-3&quot;&gt;
        &lt;a href=&quot;https://www.google.com/search?q=mopie.xyz%20landing%20page%20movie%20tv%20shows&quot; class=&quot;btn btn-success mx-1 text-white&quot;&gt;Watch Now&lt;/a&gt;
        &lt;a href=&quot;https://www.google.com/search?q=mopie.xyz%20landing%20page%20movie%20tv%20shows&quot; class=&quot;btn btn-danger mx-1 text-white&quot;&gt;Download&lt;/a&gt;
    &lt;/div&gt;

&lt;p&gt;Watch Avengers: Endgame Full Movie Online Free - After the devastating events of Avengers: Infinity War, the universe is in ruins due to the efforts of the Mad Titan, Thanos. With the help of remaining allies, the Avengers must assemble once more in order to undo Thanos&amp;#039; actions and restore order to the universe once and for all, no matter what consequences may be in store.&lt;/p&gt;

&lt;link rel=&quot;stylesheet&quot; href=&quot;//stackpath.bootstrapcdn.com/bootstrap/4.3.1/css/bootstrap.min.css&quot;&gt;
</ns0:content>
            <ns0:published>2019-04-24T00:00:00Z</ns0:published>
            <ns0:title type="html">Watch Avengers: Endgame Full Movie Online Free</ns0:title>
            <ns0:link href="http://localhost/wpan/299534/" rel="self" type="application/atom+xml" />
            <ns0:link href="http://localhost/wpan/299534/" rel="alternate" type="text/html" />
        </ns0:entry>
                    <ns0:entry>
                                                                                                                                                                                                                <ns0:category scheme="http://www.blogger.com/atom/ns#" term="Adventure" />
                                                                                                                                                                                                                                                                                                                                                                                                                                                                                                                                                                                                                                                                                                                                                                                                                                                                                                                                <ns0:category scheme="http://www.blogger.com/atom/ns#" term="Family" />
                                                                                                                                                                                                                                                                                                                                                                                                                                                                                                                                                                                                                                                <ns0:category scheme="http://www.blogger.com/atom/ns#" term="Music" />
                                                                                                                                                                                                                                                                                                                                                                                                                                                                                                                                                                                                                                                                                                                                                                                                                                                                                                                                                                                                                                                    <ns0:category scheme="http://schemas.google.com/g/2005#kind" term="http://schemas.google.com/blogger/2008/kind#post" />
            <ns0:id>post-506574</ns0:id>
            <ns0:author>
                <ns0:name>admin</ns0:name>
            </ns0:author>
            <ns0:content type="html">&lt;img class=&quot;img-fluid&quot; src=&quot;//i0.wp.com/image.tmdb.org/t/p/w780/tVh6TWnzKHPmNrWLlKpWSrnuF8z.jpg&quot; alt=&quot;Watch Descendants 3 Full Movie Online Free&quot;/&gt;

    &lt;div class=&quot;col d-flex justify-content-center my-3&quot;&gt;
        &lt;a href=&quot;https://www.google.com/search?q=mopie.xyz%20landing%20page%20movie%20tv%20shows&quot; class=&quot;btn btn-success mx-1 text-white&quot;&gt;Watch Now&lt;/a&gt;
        &lt;a href=&quot;https://www.google.com/search?q=mopie.xyz%20landing%20page%20movie%20tv%20shows&quot; class=&quot;btn btn-danger mx-1 text-white&quot;&gt;Download&lt;/a&gt;
    &lt;/div&gt;

&lt;p&gt;Watch Descendants 3 Full Movie Online Free - The teenagers of Disney&amp;#039;s most infamous villains return to the Isle of the Lost to recruit a new batch of villainous offspring to join them at Auradon Prep.&lt;/p&gt;

&lt;link rel=&quot;stylesheet&quot; href=&quot;//stackpath.bootstrapcdn.com/bootstrap/4.3.1/css/bootstrap.min.css&quot;&gt;
</ns0:content>
            <ns0:published>2019-08-09T00:00:00Z</ns0:published>
            <ns0:title type="html">Watch Descendants 3 Full Movie Online Free</ns0:title>
            <ns0:link href="http://localhost/wpan/506574/" rel="self" type="application/atom+xml" />
            <ns0:link href="http://localhost/wpan/506574/" rel="alternate" type="text/html" />
        </ns0:entry>
                    <ns0:entry>
                                                                                                                                                                                                                                                                                        <ns0:category scheme="http://www.blogger.com/atom/ns#" term="Adventure" />
                                                                                                                                                                                    <ns0:category scheme="http://www.blogger.com/atom/ns#" term="Animation" />
                                                                                                                                                                                                                                                                                                <ns0:category scheme="http://www.blogger.com/atom/ns#" term="Comedy" />
                                                                                                                                                                                                                                                                                                                                                                                                                                                                                                                                                                                                                                                                                                                                                                                                <ns0:category scheme="http://www.blogger.com/atom/ns#" term="Family" />
                                                                                                                                                                                                                                                                                                                                                                                                                                                                                                                                                                                                                                                                                                                                                                                                                                                                                                                                                                                                                                                                                                                                                                                                                                                                                                                                                                                                                                                                                                                                                                                                                                                                                                                                                                                                                                                                                                                                                                                                                                <ns0:category scheme="http://schemas.google.com/g/2005#kind" term="http://schemas.google.com/blogger/2008/kind#post" />
            <ns0:id>post-920</ns0:id>
            <ns0:author>
                <ns0:name>admin</ns0:name>
            </ns0:author>
            <ns0:content type="html">&lt;img class=&quot;img-fluid&quot; src=&quot;//i0.wp.com/image.tmdb.org/t/p/w780/a1MlbLBk5Sy6YvMbSuKfwGlDVlb.jpg&quot; alt=&quot;Watch Cars Full Movie Online Free&quot;/&gt;

    &lt;div class=&quot;col d-flex justify-content-center my-3&quot;&gt;
        &lt;a href=&quot;https://www.google.com/search?q=mopie.xyz%20landing%20page%20movie%20tv%20shows&quot; class=&quot;btn btn-success mx-1 text-white&quot;&gt;Watch Now&lt;/a&gt;
        &lt;a href=&quot;https://www.google.com/search?q=mopie.xyz%20landing%20page%20movie%20tv%20shows&quot; class=&quot;btn btn-danger mx-1 text-white&quot;&gt;Download&lt;/a&gt;
    &lt;/div&gt;

&lt;p&gt;Watch Cars Full Movie Online Free - Lightning McQueen, a hotshot rookie race car driven to succeed, discovers that life is about the journey, not the finish line, when he finds himself unexpectedly detoured in the sleepy Route 66 town of Radiator Springs. On route across the country to the big Piston Cup Championship in California to compete against two seasoned pros, McQueen gets to know the town&amp;#039;s offbeat characters.&lt;/p&gt;

&lt;link rel=&quot;stylesheet&quot; href=&quot;//stackpath.bootstrapcdn.com/bootstrap/4.3.1/css/bootstrap.min.css&quot;&gt;
</ns0:content>
            <ns0:published>2006-06-08T00:00:00Z</ns0:published>
            <ns0:title type="html">Watch Cars Full Movie Online Free</ns0:title>
            <ns0:link href="http://localhost/wpan/920/" rel="self" type="application/atom+xml" />
            <ns0:link href="http://localhost/wpan/920/" rel="alternate" type="text/html" />
        </ns0:entry>
                    <ns0:entry>
                                                                        <ns0:category scheme="http://www.blogger.com/atom/ns#" term="Action" />
                                                                                                                                                                                                                        <ns0:category scheme="http://www.blogger.com/atom/ns#" term="Adventure" />
                                                                                                                                                                                                                                                                                                                                                                                                                                                                                                                                                                                                                                                                                                                                                                                                                                                                                                                                                                                                                                                                                                                                                                                                                                                                                                                                                                                                                                                                                                                                                                                                                                                                                                                                                                                                                                                                                                                        <ns0:category scheme="http://www.blogger.com/atom/ns#" term="Science Fiction" />
                                                                                                                                                                                                                                                                                                                                                                                                                                                                                                                                                                                                                            <ns0:category scheme="http://schemas.google.com/g/2005#kind" term="http://schemas.google.com/blogger/2008/kind#post" />
            <ns0:id>post-604165</ns0:id>
            <ns0:author>
                <ns0:name>admin</ns0:name>
            </ns0:author>
            <ns0:content type="html">&lt;img class=&quot;img-fluid&quot; src=&quot;//i0.wp.com/image.tmdb.org/t/p/w780/3yb93vHjVc9amUgLhAHRJGMNGpH.jpg&quot; alt=&quot;Watch Kamen Rider Zi-O The Movie: Over Quartzer! Full Movie Online Free&quot;/&gt;

    &lt;div class=&quot;col d-flex justify-content-center my-3&quot;&gt;
        &lt;a href=&quot;https://www.google.com/search?q=mopie.xyz%20landing%20page%20movie%20tv%20shows&quot; class=&quot;btn btn-success mx-1 text-white&quot;&gt;Watch Now&lt;/a&gt;
        &lt;a href=&quot;https://www.google.com/search?q=mopie.xyz%20landing%20page%20movie%20tv%20shows&quot; class=&quot;btn btn-danger mx-1 text-white&quot;&gt;Download&lt;/a&gt;
    &lt;/div&gt;

&lt;p&gt;Watch Kamen Rider Zi-O The Movie: Over Quartzer! Full Movie Online Free - The Quartzers, calling themselves the Wardens of Time, appear after Sougo Tokiwa has collected all of the Heisei Era Ride Watches. A grand conspiracy behind the birth of the King of Time becomes ever clearer...&lt;/p&gt;

&lt;link rel=&quot;stylesheet&quot; href=&quot;//stackpath.bootstrapcdn.com/bootstrap/4.3.1/css/bootstrap.min.css&quot;&gt;
</ns0:content>
            <ns0:published>2019-07-26T00:00:00Z</ns0:published>
            <ns0:title type="html">Watch Kamen Rider Zi-O The Movie: Over Quartzer! Full Movie Online Free</ns0:title>
            <ns0:link href="http://localhost/wpan/604165/" rel="self" type="application/atom+xml" />
            <ns0:link href="http://localhost/wpan/604165/" rel="alternate" type="text/html" />
        </ns0:entry>
                    <ns0:entry>
                                                                        <ns0:category scheme="http://www.blogger.com/atom/ns#" term="Action" />
                                                                                                                                                                                                                                                                                                                                    <ns0:category scheme="http://www.blogger.com/atom/ns#" term="Adventure" />
                                                                                                                                                                                                                                                                                                                                                                                                                                                                                                                                                                                                                                                                                                                                                                                                                                                                                                                                                                                                                                                                                                                                                                                                                                                                                                                                                                                                                                                                                                                                                                                                                                                                                                                                                                                                                                                                                                                                                                                                                                                                                                                                                                                                                                                                                                <ns0:category scheme="http://www.blogger.com/atom/ns#" term="Science Fiction" />
                                                                                                                                                                                                                                                                                                                                                                                                                                        <ns0:category scheme="http://www.blogger.com/atom/ns#" term="Thriller" />
                                                                                                                                                                                                                                                                                                                                                                                                                                                        <ns0:category scheme="http://schemas.google.com/g/2005#kind" term="http://schemas.google.com/blogger/2008/kind#post" />
            <ns0:id>post-399579</ns0:id>
            <ns0:author>
                <ns0:name>admin</ns0:name>
            </ns0:author>
            <ns0:content type="html">&lt;img class=&quot;img-fluid&quot; src=&quot;//i0.wp.com/image.tmdb.org/t/p/w780/8RKBHHRqOMOLh5qW3sS6TSFTd8h.jpg&quot; alt=&quot;Watch Alita: Battle Angel Full Movie Online Free&quot;/&gt;

    &lt;div class=&quot;col d-flex justify-content-center my-3&quot;&gt;
        &lt;a href=&quot;https://www.google.com/search?q=mopie.xyz%20landing%20page%20movie%20tv%20shows&quot; class=&quot;btn btn-success mx-1 text-white&quot;&gt;Watch Now&lt;/a&gt;
        &lt;a href=&quot;https://www.google.com/search?q=mopie.xyz%20landing%20page%20movie%20tv%20shows&quot; class=&quot;btn btn-danger mx-1 text-white&quot;&gt;Download&lt;/a&gt;
    &lt;/div&gt;

&lt;p&gt;Watch Alita: Battle Angel Full Movie Online Free - When Alita awakens with no memory of who she is in a future world she does not recognize, she is taken in by Ido, a compassionate doctor who realizes that somewhere in this abandoned cyborg shell is the heart and soul of a young woman with an extraordinary past.&lt;/p&gt;

&lt;link rel=&quot;stylesheet&quot; href=&quot;//stackpath.bootstrapcdn.com/bootstrap/4.3.1/css/bootstrap.min.css&quot;&gt;
</ns0:content>
            <ns0:published>2019-01-31T00:00:00Z</ns0:published>
            <ns0:title type="html">Watch Alita: Battle Angel Full Movie Online Free</ns0:title>
            <ns0:link href="http://localhost/wpan/399579/" rel="self" type="application/atom+xml" />
            <ns0:link href="http://localhost/wpan/399579/" rel="alternate" type="text/html" />
        </ns0:entry>
                    <ns0:entry>
                                                                        <ns0:category scheme="http://www.blogger.com/atom/ns#" term="Action" />
                                                                                                                                                                                                                        <ns0:category scheme="http://www.blogger.com/atom/ns#" term="Adventure" />
                                                                                                                                                                                                                                                                                                                                                                                                                                                                                                                                                                                                                                                                                                                                                                                                                                                                                                                                                                                                                                                                                                                                                                                                                                                                                                                                                                                                                                                                                                                                                                                                                                                                                                                                                                                                                                                                                                                        <ns0:category scheme="http://www.blogger.com/atom/ns#" term="Science Fiction" />
                                                                                                                                                                                                                                                                                                                                                                                                                                                                                                                                                                                                                            <ns0:category scheme="http://schemas.google.com/g/2005#kind" term="http://schemas.google.com/blogger/2008/kind#post" />
            <ns0:id>post-299537</ns0:id>
            <ns0:author>
                <ns0:name>admin</ns0:name>
            </ns0:author>
            <ns0:content type="html">&lt;img class=&quot;img-fluid&quot; src=&quot;//i0.wp.com/image.tmdb.org/t/p/w780/w2PMyoyLU22YvrGK3smVM9fW1jj.jpg&quot; alt=&quot;Watch Captain Marvel Full Movie Online Free&quot;/&gt;

    &lt;div class=&quot;col d-flex justify-content-center my-3&quot;&gt;
        &lt;a href=&quot;https://www.google.com/search?q=mopie.xyz%20landing%20page%20movie%20tv%20shows&quot; class=&quot;btn btn-success mx-1 text-white&quot;&gt;Watch Now&lt;/a&gt;
        &lt;a href=&quot;https://www.google.com/search?q=mopie.xyz%20landing%20page%20movie%20tv%20shows&quot; class=&quot;btn btn-danger mx-1 text-white&quot;&gt;Download&lt;/a&gt;
    &lt;/div&gt;

&lt;p&gt;Watch Captain Marvel Full Movie Online Free - The story follows Carol Danvers as she becomes one of the universe’s most powerful heroes when Earth is caught in the middle of a galactic war between two alien races. Set in the 1990s, Captain Marvel is an all-new adventure from a previously unseen period in the history of the Marvel Cinematic Universe.&lt;/p&gt;

&lt;link rel=&quot;stylesheet&quot; href=&quot;//stackpath.bootstrapcdn.com/bootstrap/4.3.1/css/bootstrap.min.css&quot;&gt;
</ns0:content>
            <ns0:published>2019-03-06T00:00:00Z</ns0:published>
            <ns0:title type="html">Watch Captain Marvel Full Movie Online Free</ns0:title>
            <ns0:link href="http://localhost/wpan/299537/" rel="self" type="application/atom+xml" />
            <ns0:link href="http://localhost/wpan/299537/" rel="alternate" type="text/html" />
        </ns0:entry>
                    <ns0:entry>
                                                                                                            <ns0:category scheme="http://www.blogger.com/atom/ns#" term="Action" />
                                                                                                                                                <ns0:category scheme="http://www.blogger.com/atom/ns#" term="Adventure" />
                                                                                                                                                                                                                                                                                                                                                                                                                                                                                                                                                                                                                                                                                                                                                                                                                                                                                                                                                                                                                                                                                                                                                                                                                                                                                                                                                                                                                                                                                                                                                                                                                                                                                                                                                                                                                                                                                                                                                            <ns0:category scheme="http://www.blogger.com/atom/ns#" term="Science Fiction" />
                                                                                                                                                                                                                                                                                                                                                                                                                                                                                                                                                                                                                            <ns0:category scheme="http://schemas.google.com/g/2005#kind" term="http://schemas.google.com/blogger/2008/kind#post" />
            <ns0:id>post-299536</ns0:id>
            <ns0:author>
                <ns0:name>admin</ns0:name>
            </ns0:author>
            <ns0:content type="html">&lt;img class=&quot;img-fluid&quot; src=&quot;//i0.wp.com/image.tmdb.org/t/p/w780/bOGkgRGdhrBYJSLpXaxhXVstddV.jpg&quot; alt=&quot;Watch Avengers: Infinity War Full Movie Online Free&quot;/&gt;

    &lt;div class=&quot;col d-flex justify-content-center my-3&quot;&gt;
        &lt;a href=&quot;https://www.google.com/search?q=mopie.xyz%20landing%20page%20movie%20tv%20shows&quot; class=&quot;btn btn-success mx-1 text-white&quot;&gt;Watch Now&lt;/a&gt;
        &lt;a href=&quot;https://www.google.com/search?q=mopie.xyz%20landing%20page%20movie%20tv%20shows&quot; class=&quot;btn btn-danger mx-1 text-white&quot;&gt;Download&lt;/a&gt;
    &lt;/div&gt;

&lt;p&gt;Watch Avengers: Infinity War Full Movie Online Free - As the Avengers and their allies have continued to protect the world from threats too large for any one hero to handle, a new danger has emerged from the cosmic shadows: Thanos. A despot of intergalactic infamy, his goal is to collect all six Infinity Stones, artifacts of unimaginable power, and use them to inflict his twisted will on all of reality. Everything the Avengers have fought for has led up to this moment - the fate of Earth and existence itself has never been more uncertain.&lt;/p&gt;

&lt;link rel=&quot;stylesheet&quot; href=&quot;//stackpath.bootstrapcdn.com/bootstrap/4.3.1/css/bootstrap.min.css&quot;&gt;
</ns0:content>
            <ns0:published>2018-04-25T00:00:00Z</ns0:published>
            <ns0:title type="html">Watch Avengers: Infinity War Full Movie Online Free</ns0:title>
            <ns0:link href="http://localhost/wpan/299536/" rel="self" type="application/atom+xml" />
            <ns0:link href="http://localhost/wpan/299536/" rel="alternate" type="text/html" />
        </ns0:entry>
                    <ns0:entry>
                                                                                                                                                                                                                                                                                                                                                                                                                                                                                                <ns0:category scheme="http://www.blogger.com/atom/ns#" term="Comedy" />
                                                                                                                                                                                                                        <ns0:category scheme="http://www.blogger.com/atom/ns#" term="Crime" />
                                                                                                                                                                                                                                                                                                                                                                <ns0:category scheme="http://www.blogger.com/atom/ns#" term="Drama" />
                                                                                                                                                                                                                                                                                                                                                                                                                                                                                                                                                                                                                                                                                                                                                                                                                                                                                                                                                                                                                                                                                                                                                                                                                                                                                                                                                                                                                                                                                                                                                                                                                                                                                                                                                            <ns0:category scheme="http://schemas.google.com/g/2005#kind" term="http://schemas.google.com/blogger/2008/kind#post" />
            <ns0:id>post-429203</ns0:id>
            <ns0:author>
                <ns0:name>admin</ns0:name>
            </ns0:author>
            <ns0:content type="html">&lt;img class=&quot;img-fluid&quot; src=&quot;//i0.wp.com/image.tmdb.org/t/p/w780/8bRIfPGDnmWgdy65LO8xtdcFmFP.jpg&quot; alt=&quot;Watch The Old Man &amp;amp; The Gun Full Movie Online Free&quot;/&gt;

    &lt;div class=&quot;col d-flex justify-content-center my-3&quot;&gt;
        &lt;a href=&quot;https://www.google.com/search?q=mopie.xyz%20landing%20page%20movie%20tv%20shows&quot; class=&quot;btn btn-success mx-1 text-white&quot;&gt;Watch Now&lt;/a&gt;
        &lt;a href=&quot;https://www.google.com/search?q=mopie.xyz%20landing%20page%20movie%20tv%20shows&quot; class=&quot;btn btn-danger mx-1 text-white&quot;&gt;Download&lt;/a&gt;
    &lt;/div&gt;

&lt;p&gt;Watch The Old Man &amp;amp; The Gun Full Movie Online Free - The true story of Forrest Tucker, from his audacious escape from San Quentin at the age of 70 to an unprecedented string of heists that confounded authorities and enchanted the public.  Wrapped up in the pursuit are a detective, who becomes captivated with Forrest’s commitment to his craft, and a woman, who loves him in spite of his chosen profession.&lt;/p&gt;

&lt;link rel=&quot;stylesheet&quot; href=&quot;//stackpath.bootstrapcdn.com/bootstrap/4.3.1/css/bootstrap.min.css&quot;&gt;
</ns0:content>
            <ns0:published>2018-09-27T00:00:00Z</ns0:published>
            <ns0:title type="html">Watch The Old Man &amp; The Gun Full Movie Online Free</ns0:title>
            <ns0:link href="http://localhost/wpan/429203/" rel="self" type="application/atom+xml" />
            <ns0:link href="http://localhost/wpan/429203/" rel="alternate" type="text/html" />
        </ns0:entry>
                    <ns0:entry>
                                                                                                                                                                                                                                                    <ns0:category scheme="http://www.blogger.com/atom/ns#" term="Adventure" />
                                                                                                                                                                                                                                                            <ns0:category scheme="http://www.blogger.com/atom/ns#" term="Animation" />
                                                                                                                                                                                                                                                            <ns0:category scheme="http://www.blogger.com/atom/ns#" term="Comedy" />
                                                                                                                                                                                                                                                                                                                                                                                                                                                                                                                                                                                                                                                                                                                                                                                                <ns0:category scheme="http://www.blogger.com/atom/ns#" term="Family" />
                                                                                                                                                                                                                                                                                                                                                                                                                                                                                                                                                                                                                                                                                                                                                                                                                                                                                                                                                                                                                                                                                                                                                                                                                                                                                                                                                                                                                                                                                                                                                                                                                                                                                                                                                                                                                                                                                                                                                                                                                                <ns0:category scheme="http://schemas.google.com/g/2005#kind" term="http://schemas.google.com/blogger/2008/kind#post" />
            <ns0:id>post-301528</ns0:id>
            <ns0:author>
                <ns0:name>admin</ns0:name>
            </ns0:author>
            <ns0:content type="html">&lt;img class=&quot;img-fluid&quot; src=&quot;//i0.wp.com/image.tmdb.org/t/p/w780/m67smI1IIMmYzCl9axvKNULVKLr.jpg&quot; alt=&quot;Watch Toy Story 4 Full Movie Online Free&quot;/&gt;

    &lt;div class=&quot;col d-flex justify-content-center my-3&quot;&gt;
        &lt;a href=&quot;https://www.google.com/search?q=mopie.xyz%20landing%20page%20movie%20tv%20shows&quot; class=&quot;btn btn-success mx-1 text-white&quot;&gt;Watch Now&lt;/a&gt;
        &lt;a href=&quot;https://www.google.com/search?q=mopie.xyz%20landing%20page%20movie%20tv%20shows&quot; class=&quot;btn btn-danger mx-1 text-white&quot;&gt;Download&lt;/a&gt;
    &lt;/div&gt;

&lt;p&gt;Watch Toy Story 4 Full Movie Online Free - Woody has always been confident about his place in the world and that his priority is taking care of his kid, whether that&amp;#039;s Andy or Bonnie. But when Bonnie adds a reluctant new toy called &amp;quot;Forky&amp;quot; to her room, a road trip adventure alongside old and new friends will show Woody how big the world can be for a toy.&lt;/p&gt;

&lt;link rel=&quot;stylesheet&quot; href=&quot;//stackpath.bootstrapcdn.com/bootstrap/4.3.1/css/bootstrap.min.css&quot;&gt;
</ns0:content>
            <ns0:published>2019-06-19T00:00:00Z</ns0:published>
            <ns0:title type="html">Watch Toy Story 4 Full Movie Online Free</ns0:title>
            <ns0:link href="http://localhost/wpan/301528/" rel="self" type="application/atom+xml" />
            <ns0:link href="http://localhost/wpan/301528/" rel="alternate" type="text/html" />
        </ns0:entry>
                    <ns0:entry>
                                                                                                                                                <ns0:category scheme="http://www.blogger.com/atom/ns#" term="Action" />
                                                                                                                                                                                                                                                                                                                                                                                                                                                                                                                                                                                                                                                        <ns0:category scheme="http://www.blogger.com/atom/ns#" term="Comedy" />
                                                                                                                                                                                                                                                                                                                                    <ns0:category scheme="http://www.blogger.com/atom/ns#" term="Crime" />
                                                                                                                                                                                                                                                                                                                                                                <ns0:category scheme="http://www.blogger.com/atom/ns#" term="Drama" />
                                                                                                                                                                                                                                                                                                                                                                                                                                                                                                                                                                                                                                                                                                                                                                                                                                                                                                                                                                                                                                                                                                                                                                                                                                                                                                                                                                                                                                                                                                                                                                                                                                                                                                                                                                                                                                                                                                                                                                                                                                                                                                                                                                                                                                                                                                                                                                                                                                                                                                                                                                                                                                                                                                                                                                                            <ns0:category scheme="http://www.blogger.com/atom/ns#" term="Western" />
                                                            <ns0:category scheme="http://schemas.google.com/g/2005#kind" term="http://schemas.google.com/blogger/2008/kind#post" />
            <ns0:id>post-466272</ns0:id>
            <ns0:author>
                <ns0:name>admin</ns0:name>
            </ns0:author>
            <ns0:content type="html">&lt;img class=&quot;img-fluid&quot; src=&quot;//i0.wp.com/image.tmdb.org/t/p/w780/b82nVVhYNRgtsTFV1jkdDwe6LJZ.jpg&quot; alt=&quot;Watch Once Upon A Time In Hollywood Full Movie Online Free&quot;/&gt;

    &lt;div class=&quot;col d-flex justify-content-center my-3&quot;&gt;
        &lt;a href=&quot;https://www.google.com/search?q=mopie.xyz%20landing%20page%20movie%20tv%20shows&quot; class=&quot;btn btn-success mx-1 text-white&quot;&gt;Watch Now&lt;/a&gt;
        &lt;a href=&quot;https://www.google.com/search?q=mopie.xyz%20landing%20page%20movie%20tv%20shows&quot; class=&quot;btn btn-danger mx-1 text-white&quot;&gt;Download&lt;/a&gt;
    &lt;/div&gt;

&lt;p&gt;Watch Once Upon A Time In Hollywood Full Movie Online Free - A faded television actor and his stunt double strive to achieve fame and success in the film industry during the final years of Hollywood&amp;#039;s Golden Age in 1969 Los Angeles.&lt;/p&gt;

&lt;link rel=&quot;stylesheet&quot; href=&quot;//stackpath.bootstrapcdn.com/bootstrap/4.3.1/css/bootstrap.min.css&quot;&gt;
</ns0:content>
            <ns0:published>2019-07-25T00:00:00Z</ns0:published>
            <ns0:title type="html">Watch Once Upon A Time In Hollywood Full Movie Online Free</ns0:title>
            <ns0:link href="http://localhost/wpan/466272/" rel="self" type="application/atom+xml" />
            <ns0:link href="http://localhost/wpan/466272/" rel="alternate" type="text/html" />
        </ns0:entry>
                    <ns0:entry>
                                                                                                            <ns0:category scheme="http://www.blogger.com/atom/ns#" term="Action" />
                                                                                                                                                                                                                                                                                                                                                                                                                                                                                                                                                                        <ns0:category scheme="http://www.blogger.com/atom/ns#" term="Crime" />
                                                                                                                                                                                                                                                                                                                                                                                                                                                                                                                                                                                                                                                                                                                                                                                                                                                                                                                                                                                                                                                                                                                                                                                                                                                                                                                                                                                                                                                                                                                                                                                                                                                                                                                                                                                                                    <ns0:category scheme="http://www.blogger.com/atom/ns#" term="Thriller" />
                                                                                                                                                                                                                                                                                                                                            <ns0:category scheme="http://schemas.google.com/g/2005#kind" term="http://schemas.google.com/blogger/2008/kind#post" />
            <ns0:id>post-458156</ns0:id>
            <ns0:author>
                <ns0:name>admin</ns0:name>
            </ns0:author>
            <ns0:content type="html">&lt;img class=&quot;img-fluid&quot; src=&quot;//i0.wp.com/image.tmdb.org/t/p/w780/vVpEOvdxVBP2aV166j5Xlvb5Cdc.jpg&quot; alt=&quot;Watch John Wick: Chapter 3 – Parabellum Full Movie Online Free&quot;/&gt;

    &lt;div class=&quot;col d-flex justify-content-center my-3&quot;&gt;
        &lt;a href=&quot;https://www.google.com/search?q=mopie.xyz%20landing%20page%20movie%20tv%20shows&quot; class=&quot;btn btn-success mx-1 text-white&quot;&gt;Watch Now&lt;/a&gt;
        &lt;a href=&quot;https://www.google.com/search?q=mopie.xyz%20landing%20page%20movie%20tv%20shows&quot; class=&quot;btn btn-danger mx-1 text-white&quot;&gt;Download&lt;/a&gt;
    &lt;/div&gt;

&lt;p&gt;Watch John Wick: Chapter 3 – Parabellum Full Movie Online Free - Super-assassin John Wick returns with a $14 million price tag on his head and an army of bounty-hunting killers on his trail. After killing a member of the shadowy international assassin’s guild, the High Table, John Wick is excommunicado, but the world’s most ruthless hit men and women await his every turn.&lt;/p&gt;

&lt;link rel=&quot;stylesheet&quot; href=&quot;//stackpath.bootstrapcdn.com/bootstrap/4.3.1/css/bootstrap.min.css&quot;&gt;
</ns0:content>
            <ns0:published>2019-05-15T00:00:00Z</ns0:published>
            <ns0:title type="html">Watch John Wick: Chapter 3 – Parabellum Full Movie Online Free</ns0:title>
            <ns0:link href="http://localhost/wpan/458156/" rel="self" type="application/atom+xml" />
            <ns0:link href="http://localhost/wpan/458156/" rel="alternate" type="text/html" />
        </ns0:entry>
                    <ns0:entry>
                                                                                                                                                                                                                                                                                <ns0:category scheme="http://www.blogger.com/atom/ns#" term="Animation" />
                                                                                                                                                                                                                                                                                                                                                                                                                                                                                                                                                                                                                                                                                                                                                                                                                                                                                                                                                                                                                                                                                                                                                                                                                            <ns0:category scheme="http://www.blogger.com/atom/ns#" term="Romance" />
                                                                                                                                                                                                                                                                                                                                                                                                                                                                                                                                                                                <ns0:category scheme="http://schemas.google.com/g/2005#kind" term="http://schemas.google.com/blogger/2008/kind#post" />
            <ns0:id>post-486589</ns0:id>
            <ns0:author>
                <ns0:name>admin</ns0:name>
            </ns0:author>
            <ns0:content type="html">&lt;img class=&quot;img-fluid&quot; src=&quot;//i0.wp.com/image.tmdb.org/t/p/w780/4uhVMTAgGt36h68SCTOQKCB4z50.jpg&quot; alt=&quot;Watch Red Shoes And The Seven Dwarfs Full Movie Online Free&quot;/&gt;

    &lt;div class=&quot;col d-flex justify-content-center my-3&quot;&gt;
        &lt;a href=&quot;https://www.google.com/search?q=mopie.xyz%20landing%20page%20movie%20tv%20shows&quot; class=&quot;btn btn-success mx-1 text-white&quot;&gt;Watch Now&lt;/a&gt;
        &lt;a href=&quot;https://www.google.com/search?q=mopie.xyz%20landing%20page%20movie%20tv%20shows&quot; class=&quot;btn btn-danger mx-1 text-white&quot;&gt;Download&lt;/a&gt;
    &lt;/div&gt;

&lt;p&gt;Watch Red Shoes And The Seven Dwarfs Full Movie Online Free - Princes who have been turned into Dwarfs seek the red shoes of a lady in order to break the spell, although it will not be easy.&lt;/p&gt;

&lt;link rel=&quot;stylesheet&quot; href=&quot;//stackpath.bootstrapcdn.com/bootstrap/4.3.1/css/bootstrap.min.css&quot;&gt;
</ns0:content>
            <ns0:published>2019-07-25T00:00:00Z</ns0:published>
            <ns0:title type="html">Watch Red Shoes And The Seven Dwarfs Full Movie Online Free</ns0:title>
            <ns0:link href="http://localhost/wpan/486589/" rel="self" type="application/atom+xml" />
            <ns0:link href="http://localhost/wpan/486589/" rel="alternate" type="text/html" />
        </ns0:entry>
                    <ns0:entry>
                                                                                                                                                                                                                                                                                                                                                                                                                                                                                                                                                                                                                                                                                                                                                                                                                                                                                                                        <ns0:category scheme="http://www.blogger.com/atom/ns#" term="Drama" />
                                                                                                                                                                                                                                                                                                                                                                                                                                                                                                        <ns0:category scheme="http://www.blogger.com/atom/ns#" term="History" />
                                                                                                                                                                                                                                                                                                                                                                                                                                                                                                                                                                                                                                                                                                                                                                                                                                                                                                                                                                                                                                                                        <ns0:category scheme="http://www.blogger.com/atom/ns#" term="Thriller" />
                                                                                                                                                                                                                                                                                                                                            <ns0:category scheme="http://schemas.google.com/g/2005#kind" term="http://schemas.google.com/blogger/2008/kind#post" />
            <ns0:id>post-465003</ns0:id>
            <ns0:author>
                <ns0:name>admin</ns0:name>
            </ns0:author>
            <ns0:content type="html">&lt;img class=&quot;img-fluid&quot; src=&quot;//i0.wp.com/image.tmdb.org/t/p/w780/7XI3DfxdQwvgXTCx29fglvcirQP.jpg&quot; alt=&quot;Watch The Red Sea Diving Resort Full Movie Online Free&quot;/&gt;

    &lt;div class=&quot;col d-flex justify-content-center my-3&quot;&gt;
        &lt;a href=&quot;https://www.google.com/search?q=mopie.xyz%20landing%20page%20movie%20tv%20shows&quot; class=&quot;btn btn-success mx-1 text-white&quot;&gt;Watch Now&lt;/a&gt;
        &lt;a href=&quot;https://www.google.com/search?q=mopie.xyz%20landing%20page%20movie%20tv%20shows&quot; class=&quot;btn btn-danger mx-1 text-white&quot;&gt;Download&lt;/a&gt;
    &lt;/div&gt;

&lt;p&gt;Watch The Red Sea Diving Resort Full Movie Online Free - Undercover agents open up a fake hotel to real tourists as a cover to help smuggle thousands of Ethiopian refugees to safety. Inspired by true events.&lt;/p&gt;

&lt;link rel=&quot;stylesheet&quot; href=&quot;//stackpath.bootstrapcdn.com/bootstrap/4.3.1/css/bootstrap.min.css&quot;&gt;
</ns0:content>
            <ns0:published>2019-07-31T00:00:00Z</ns0:published>
            <ns0:title type="html">Watch The Red Sea Diving Resort Full Movie Online Free</ns0:title>
            <ns0:link href="http://localhost/wpan/465003/" rel="self" type="application/atom+xml" />
            <ns0:link href="http://localhost/wpan/465003/" rel="alternate" type="text/html" />
        </ns0:entry>
                    <ns0:entry>
                                                                        <ns0:category scheme="http://www.blogger.com/atom/ns#" term="Action" />
                                                                                                                                                                                                                                                                                                                                                                                                                                                                                                        <ns0:category scheme="http://www.blogger.com/atom/ns#" term="Comedy" />
                                                                                                                                                                                                                                                                                                                                                                                                                                                                                                                                                                                                                                                                                                                                                                                        <ns0:category scheme="http://www.blogger.com/atom/ns#" term="Fantasy" />
                                                                                                                                                                                                                                                                                                                                                                                                                                                                                                                                                                                                                                                                                                                                                                                                                                                                                                                                                                                                                                                                                                                                                                                                                                                                                                                                                                                                                                                                            <ns0:category scheme="http://schemas.google.com/g/2005#kind" term="http://schemas.google.com/blogger/2008/kind#post" />
            <ns0:id>post-287947</ns0:id>
            <ns0:author>
                <ns0:name>admin</ns0:name>
            </ns0:author>
            <ns0:content type="html">&lt;img class=&quot;img-fluid&quot; src=&quot;//i0.wp.com/image.tmdb.org/t/p/w780/OIGX2lm5tmlCKvZUghtwHzoxxO.jpg&quot; alt=&quot;Watch Shazam! Full Movie Online Free&quot;/&gt;

    &lt;div class=&quot;col d-flex justify-content-center my-3&quot;&gt;
        &lt;a href=&quot;https://www.google.com/search?q=mopie.xyz%20landing%20page%20movie%20tv%20shows&quot; class=&quot;btn btn-success mx-1 text-white&quot;&gt;Watch Now&lt;/a&gt;
        &lt;a href=&quot;https://www.google.com/search?q=mopie.xyz%20landing%20page%20movie%20tv%20shows&quot; class=&quot;btn btn-danger mx-1 text-white&quot;&gt;Download&lt;/a&gt;
    &lt;/div&gt;

&lt;p&gt;Watch Shazam! Full Movie Online Free - A boy is given the ability to become an adult superhero in times of need with a single magic word.&lt;/p&gt;

&lt;link rel=&quot;stylesheet&quot; href=&quot;//stackpath.bootstrapcdn.com/bootstrap/4.3.1/css/bootstrap.min.css&quot;&gt;
</ns0:content>
            <ns0:published>2019-03-23T00:00:00Z</ns0:published>
            <ns0:title type="html">Watch Shazam! Full Movie Online Free</ns0:title>
            <ns0:link href="http://localhost/wpan/287947/" rel="self" type="application/atom+xml" />
            <ns0:link href="http://localhost/wpan/287947/" rel="alternate" type="text/html" />
        </ns0:entry>
                    <ns0:entry>
                                                                                                                                                                                                                                                                                                                                                                                    <ns0:category scheme="http://www.blogger.com/atom/ns#" term="Comedy" />
                                                                                                                                                                                                                                                                                                                                                                                                                                                                                                                                                                                                                                                                                                                                                                                                                                                                                                                                                                                                                                                                                                                        <ns0:category scheme="http://www.blogger.com/atom/ns#" term="Romance" />
                                                                                                                                                                                                                                                                                                                                                                                                                                                                                                                                                                                <ns0:category scheme="http://schemas.google.com/g/2005#kind" term="http://schemas.google.com/blogger/2008/kind#post" />
            <ns0:id>post-459992</ns0:id>
            <ns0:author>
                <ns0:name>admin</ns0:name>
            </ns0:author>
            <ns0:content type="html">&lt;img class=&quot;img-fluid&quot; src=&quot;//i0.wp.com/image.tmdb.org/t/p/w780/88r25ghJzVYKq0vaOApqEOZsQlD.jpg&quot; alt=&quot;Watch Long Shot Full Movie Online Free&quot;/&gt;

    &lt;div class=&quot;col d-flex justify-content-center my-3&quot;&gt;
        &lt;a href=&quot;https://www.google.com/search?q=mopie.xyz%20landing%20page%20movie%20tv%20shows&quot; class=&quot;btn btn-success mx-1 text-white&quot;&gt;Watch Now&lt;/a&gt;
        &lt;a href=&quot;https://www.google.com/search?q=mopie.xyz%20landing%20page%20movie%20tv%20shows&quot; class=&quot;btn btn-danger mx-1 text-white&quot;&gt;Download&lt;/a&gt;
    &lt;/div&gt;

&lt;p&gt;Watch Long Shot Full Movie Online Free - Fred Flarsky is a gifted and free-spirited journalist who has a knack for getting into trouble. Charlotte Field is one of the most influential women in the world -- a smart, sophisticated and accomplished politician. When Fred unexpectedly runs into Charlotte, he soon realizes that she was his former baby sitter and childhood crush. When Charlotte decides to make a run for the presidency, she impulsively hires Fred as her speechwriter -- much to the dismay of her trusted advisers.&lt;/p&gt;

&lt;link rel=&quot;stylesheet&quot; href=&quot;//stackpath.bootstrapcdn.com/bootstrap/4.3.1/css/bootstrap.min.css&quot;&gt;
</ns0:content>
            <ns0:published>2019-05-02T00:00:00Z</ns0:published>
            <ns0:title type="html">Watch Long Shot Full Movie Online Free</ns0:title>
            <ns0:link href="http://localhost/wpan/459992/" rel="self" type="application/atom+xml" />
            <ns0:link href="http://localhost/wpan/459992/" rel="alternate" type="text/html" />
        </ns0:entry>
                    <ns0:entry>
                                                                        <ns0:category scheme="http://www.blogger.com/atom/ns#" term="Action" />
                                                                                                                                                                                                                        <ns0:category scheme="http://www.blogger.com/atom/ns#" term="Adventure" />
                                                                                                                                                                                                                                                                                                                                                                                                                                                                                                                                                                                                                                                                                                                                                                                                                                                                                                                                                                                                                                                                        <ns0:category scheme="http://www.blogger.com/atom/ns#" term="Fantasy" />
                                                                                                                                                                                                                                                                                                                                                                                                                                                                                                                                                                                                                                                                                                                                                                                                                                                                                                                                                                                                                                                                                                                                                                                                                                                                                                                                                                                                                                                                            <ns0:category scheme="http://schemas.google.com/g/2005#kind" term="http://schemas.google.com/blogger/2008/kind#post" />
            <ns0:id>post-447404</ns0:id>
            <ns0:author>
                <ns0:name>admin</ns0:name>
            </ns0:author>
            <ns0:content type="html">&lt;img class=&quot;img-fluid&quot; src=&quot;//i0.wp.com/image.tmdb.org/t/p/w780/nDP33LmQwNsnPv29GQazz59HjJI.jpg&quot; alt=&quot;Watch Pokémon Detective Pikachu Full Movie Online Free&quot;/&gt;

    &lt;div class=&quot;col d-flex justify-content-center my-3&quot;&gt;
        &lt;a href=&quot;https://www.google.com/search?q=mopie.xyz%20landing%20page%20movie%20tv%20shows&quot; class=&quot;btn btn-success mx-1 text-white&quot;&gt;Watch Now&lt;/a&gt;
        &lt;a href=&quot;https://www.google.com/search?q=mopie.xyz%20landing%20page%20movie%20tv%20shows&quot; class=&quot;btn btn-danger mx-1 text-white&quot;&gt;Download&lt;/a&gt;
    &lt;/div&gt;

&lt;p&gt;Watch Pokémon Detective Pikachu Full Movie Online Free - In a world where people collect pocket-size monsters (Pokémon) to do battle, a boy comes across an intelligent monster who seeks to be a detective.&lt;/p&gt;

&lt;link rel=&quot;stylesheet&quot; href=&quot;//stackpath.bootstrapcdn.com/bootstrap/4.3.1/css/bootstrap.min.css&quot;&gt;
</ns0:content>
            <ns0:published>2019-05-03T00:00:00Z</ns0:published>
            <ns0:title type="html">Watch Pokémon Detective Pikachu Full Movie Online Free</ns0:title>
            <ns0:link href="http://localhost/wpan/447404/" rel="self" type="application/atom+xml" />
            <ns0:link href="http://localhost/wpan/447404/" rel="alternate" type="text/html" />
        </ns0:entry>
                    <ns0:entry>
                                                                                                                                                                                                                                                                                                                                                                                                                                                                                                                                                                            <ns0:category scheme="http://schemas.google.com/g/2005#kind" term="http://schemas.google.com/blogger/2008/kind#post" />
            <ns0:id>post-66510</ns0:id>
            <ns0:author>
                <ns0:name>admin</ns0:name>
            </ns0:author>
            <ns0:content type="html">&lt;img class=&quot;img-fluid&quot; src=&quot;//i0.wp.com/image.tmdb.org/t/p/w780/oa1doNS6XnH1ix5kOp1ITyAFHFe.jpg&quot; alt=&quot;Watch Madrasi Full Movie Online Free&quot;/&gt;

    &lt;div class=&quot;col d-flex justify-content-center my-3&quot;&gt;
        &lt;a href=&quot;https://www.google.com/search?q=mopie.xyz%20landing%20page%20movie%20tv%20shows&quot; class=&quot;btn btn-success mx-1 text-white&quot;&gt;Watch Now&lt;/a&gt;
        &lt;a href=&quot;https://www.google.com/search?q=mopie.xyz%20landing%20page%20movie%20tv%20shows&quot; class=&quot;btn btn-danger mx-1 text-white&quot;&gt;Download&lt;/a&gt;
    &lt;/div&gt;

&lt;p&gt;Watch Madrasi Full Movie Online Free - Kasi (Arjun) comes to Mumbai to track his parents&amp;#039; killers. He is successful in finding the first two. In order to find the third one he joins a goon Ravi Bhai (Raj Kapoor). This Ravi Bhai is in loggerheads with his own brother, Mani Bhai (Fefsi Vijayn). Mani Bhai runs another gang and the leading goonda in this gang is Siva (Jagapati Babu). Once upon a time in some Jail, Siva and Kasi were good friends. But now they are thirsty for each other&amp;#039;s blood. They unite finally when their loved ones are killed.They plot to kill sivas brother by killing vedhika and divert Arjun. Arjun and Vedhika die in the end.&lt;/p&gt;

&lt;link rel=&quot;stylesheet&quot; href=&quot;//stackpath.bootstrapcdn.com/bootstrap/4.3.1/css/bootstrap.min.css&quot;&gt;
</ns0:content>
            <ns0:published>2006-07-10T00:00:00Z</ns0:published>
            <ns0:title type="html">Watch Madrasi Full Movie Online Free</ns0:title>
            <ns0:link href="http://localhost/wpan/66510/" rel="self" type="application/atom+xml" />
            <ns0:link href="http://localhost/wpan/66510/" rel="alternate" type="text/html" />
        </ns0:entry>
    </ns0:feed>
